order_id,customer_id,product,category,region,quantity,price,order_date
1001,C001,Laptop,Electronics,North,1,50000,2025-01-01
1002,C002,Mouse,Accessories,South,2,800,2025-01-02
1003,C003,Keyboard,Accessories,East,3,1500,2025-01-03
1004,C004,Monitor,Electronics,West,4,12000,2025-01-04
1005,C005,Printer,Electronics,North,5,9000,2025-01-05
1006,C006,Laptop,Electronics,South,1,50000,2025-01-06
1007,C007,Mouse,Accessories,East,2,800,2025-01-07
1008,C008,Keyboard,Accessories,West,3,1500,2025-01-08
1009,C009,Monitor,Electronics,North,4,12000,2025-01-09
1010,C010,Printer,Electronics,South,5,9000,2025-01-10
1011,C011,Laptop,Electronics,East,1,50000,2025-01-11
1012,C012,Mouse,Accessories,West,2,800,2025-01-12
1013,C013,Keyboard,Accessories,North,3,1500,2025-01-13
1014,C014,Monitor,Electronics,South,4,12000,2025-01-14
1015,C015,Printer,Electronics,East,5,9000,2025-01-15
1016,C016,Laptop,Electronics,West,1,50000,2025-01-16
1017,C017,Mouse,Accessories,North,2,800,2025-01-17
1018,C018,Keyboard,Accessories,South,3,1500,2025-01-18
1019,C019,Monitor,Electronics,East,4,12000,2025-01-19
1020,C020,Printer,Electronics,West,5,9000,2025-01-20
1021,C001,Laptop,Electronics,North,1,50000,2025-01-21
1022,C002,Mouse,Accessories,South,2,800,2025-01-22
1023,C003,Keyboard,Accessories,East,3,1500,2025-01-23
1024,C004,Monitor,Electronics,West,4,12000,2025-01-24
1025,C005,Printer,Electronics,North,5,9000,2025-01-25
1026,C006,Laptop,Electronics,South,1,50000,2025-01-26
1027,C007,Mouse,Accessories,East,2,800,2025-01-27
1028,C008,Keyboard,Accessories,West,3,1500,2025-01-28
1029,C009,Monitor,Electronics,North,4,12000,2025-01-29
1030,C010,Printer,Electronics,South,5,9000,2025-01-30
1031,C011,Laptop,Electronics,East,1,50000,2025-01-31
1032,C012,Mouse,Accessories,West,2,800,2025-02-01
1033,C013,Keyboard,Accessories,North,3,1500,2025-02-02
1034,C014,Monitor,Electronics,South,4,12000,2025-02-03
1035,C015,Printer,Electronics,East,5,9000,2025-02-04
1036,C016,Laptop,Electronics,West,1,50000,2025-02-05
1037,C017,Mouse,Accessories,North,2,800,2025-02-06
1038,C018,Keyboard,Accessories,South,3,1500,2025-02-07
1039,C019,Monitor,Electronics,East,4,12000,2025-02-08
1040,C020,Printer,Electronics,West,5,9000,2025-02-09
1041,C001,Laptop,Electronics,North,1,50000,2025-02-10
1042,C002,Mouse,Accessories,South,2,800,2025-02-11
1043,C003,Keyboard,Accessories,East,3,1500,2025-02-12
1044,C004,Monitor,Electronics,West,4,12000,2025-02-13
1045,C005,Printer,Electronics,North,5,9000,2025-02-14
1046,C006,Laptop,Electronics,South,1,50000,2025-02-15
1047,C007,Mouse,Accessories,East,2,800,2025-02-16
1048,C008,Keyboard,Accessories,West,3,1500,2025-02-17
1049,C009,Monitor,Electronics,North,4,12000,2025-02-18
1050,C010,Printer,Electronics,South,5,9000,2025-02-19
1051,C011,Laptop,Electronics,East,1,50000,2025-02-20
1052,C012,Mouse,Accessories,West,2,800,2025-02-21
1053,C013,Keyboard,Accessories,North,3,1500,2025-02-22
1054,C014,Monitor,Electronics,South,4,12000,2025-02-23
1055,C015,Printer,Electronics,East,5,9000,2025-02-24
1056,C016,Laptop,Electronics,West,1,50000,2025-02-25
1057,C017,Mouse,Accessories,North,2,800,2025-02-26
1058,C018,Keyboard,Accessories,South,3,1500,2025-02-27
1059,C019,Monitor,Electronics,East,4,12000,2025-02-28
1060,C020,Printer,Electronics,West,5,9000,2025-03-01
1061,C001,Laptop,Electronics,North,1,50000,2025-03-02
1062,C002,Mouse,Accessories,South,2,800,2025-03-03
1063,C003,Keyboard,Accessories,East,3,1500,2025-03-04
1064,C004,Monitor,Electronics,West,4,12000,2025-03-05
1065,C005,Printer,Electronics,North,5,9000,2025-03-06
1066,C006,Laptop,Electronics,South,1,50000,2025-03-07
1067,C007,Mouse,Accessories,East,2,800,2025-03-08
1068,C008,Keyboard,Accessories,West,3,1500,2025-03-09
1069,C009,Monitor,Electronics,North,4,12000,2025-03-10
1070,C010,Printer,Electronics,South,5,9000,2025-03-11
1071,C011,Laptop,Electronics,East,1,50000,2025-03-12
1072,C012,Mouse,Accessories,West,2,800,2025-03-13
1073,C013,Keyboard,Accessories,North,3,1500,2025-03-14
1074,C014,Monitor,Electronics,South,4,12000,2025-03-15
1075,C015,Printer,Electronics,East,5,9000,2025-03-16
1076,C016,Laptop,Electronics,West,1,50000,2025-03-17
1077,C017,Mouse,Accessories,North,2,800,2025-03-18
1078,C018,Keyboard,Accessories,South,3,1500,2025-03-19
1079,C019,Monitor,Electronics,East,4,12000,2025-03-20
1080,C020,Printer,Electronics,West,5,9000,2025-03-21
1081,C001,Laptop,Electronics,North,1,50000,2025-03-22
1082,C002,Mouse,Accessories,South,2,800,2025-03-23
1083,C003,Keyboard,Accessories,East,3,1500,2025-03-24
1084,C004,Monitor,Electronics,West,4,12000,2025-03-25
1085,C005,Printer,Electronics,North,5,9000,2025-03-26
1086,C006,Laptop,Electronics,South,1,50000,2025-03-27
1087,C007,Mouse,Accessories,East,2,800,2025-03-28
1088,C008,Keyboard,Accessories,West,3,1500,2025-03-29
1089,C009,Monitor,Electronics,North,4,12000,2025-03-30
1090,C010,Printer,Electronics,South,5,9000,2025-03-31
1091,C011,Laptop,Electronics,East,1,50000,2025-04-01
1092,C012,Mouse,Accessories,West,2,800,2025-04-02
1093,C013,Keyboard,Accessories,North,3,1500,2025-04-03
1094,C014,Monitor,Electronics,South,4,12000,2025-04-04
1095,C015,Printer,Electronics,East,5,9000,2025-04-05
1096,C016,Laptop,Electronics,West,1,50000,2025-04-06
1097,C017,Mouse,Accessories,North,2,800,2025-04-07
1098,C018,Keyboard,Accessories,South,3,1500,2025-04-08
1099,C019,Monitor,Electronics,East,4,12000,2025-04-09
1100,C020,Printer,Electronics,West,5,9000,2025-04-10
1101,C001,Laptop,Electronics,North,1,50000,2025-04-11
1102,C002,Mouse,Accessories,South,2,800,2025-04-12
1103,C003,Keyboard,Accessories,East,3,1500,2025-04-13
1104,C004,Monitor,Electronics,West,4,12000,2025-04-14
1105,C005,Printer,Electronics,North,5,9000,2025-04-15
1106,C006,Laptop,Electronics,South,1,50000,2025-04-16
1107,C007,Mouse,Accessories,East,2,800,2025-04-17
1108,C008,Keyboard,Accessories,West,3,1500,2025-04-18
1109,C009,Monitor,Electronics,North,4,12000,2025-04-19
1110,C010,Printer,Electronics,South,5,9000,2025-04-20
1111,C011,Laptop,Electronics,East,1,50000,2025-04-21
1112,C012,Mouse,Accessories,West,2,800,2025-04-22
1113,C013,Keyboard,Accessories,North,3,1500,2025-04-23
1114,C014,Monitor,Electronics,South,4,12000,2025-04-24
1115,C015,Printer,Electronics,East,5,9000,2025-04-25
1116,C016,Laptop,Electronics,West,1,50000,2025-04-26
1117,C017,Mouse,Accessories,North,2,800,2025-04-27
1118,C018,Keyboard,Accessories,South,3,1500,2025-04-28
1119,C019,Monitor,Electronics,East,4,12000,2025-04-29
1120,C020,Printer,Electronics,West,5,9000,2025-04-30
1121,C001,Laptop,Electronics,North,1,50000,2025-05-01
1122,C002,Mouse,Accessories,South,2,800,2025-05-02
1123,C003,Keyboard,Accessories,East,3,1500,2025-05-03
1124,C004,Monitor,Electronics,West,4,12000,2025-05-04
1125,C005,Printer,Electronics,North,5,9000,2025-05-05
1126,C006,Laptop,Electronics,South,1,50000,2025-05-06
1127,C007,Mouse,Accessories,East,2,800,2025-05-07
1128,C008,Keyboard,Accessories,West,3,1500,2025-05-08
1129,C009,Monitor,Electronics,North,4,12000,2025-05-09
1130,C010,Printer,Electronics,South,5,9000,2025-05-10
1131,C011,Laptop,Electronics,East,1,50000,2025-05-11
1132,C012,Mouse,Accessories,West,2,800,2025-05-12
1133,C013,Keyboard,Accessories,North,3,1500,2025-05-13
1134,C014,Monitor,Electronics,South,4,12000,2025-05-14
1135,C015,Printer,Electronics,East,5,9000,2025-05-15
1136,C016,Laptop,Electronics,West,1,50000,2025-05-16
1137,C017,Mouse,Accessories,North,2,800,2025-05-17
1138,C018,Keyboard,Accessories,South,3,1500,2025-05-18
1139,C019,Monitor,Electronics,East,4,12000,2025-05-19
1140,C020,Printer,Electronics,West,5,9000,2025-05-20
1141,C001,Laptop,Electronics,North,1,50000,2025-05-21
1142,C002,Mouse,Accessories,South,2,800,2025-05-22
1143,C003,Keyboard,Accessories,East,3,1500,2025-05-23
1144,C004,Monitor,Electronics,West,4,12000,2025-05-24
1145,C005,Printer,Electronics,North,5,9000,2025-05-25
1146,C006,Laptop,Electronics,South,1,50000,2025-05-26
1147,C007,Mouse,Accessories,East,2,800,2025-05-27
1148,C008,Keyboard,Accessories,West,3,1500,2025-05-28
1149,C009,Monitor,Electronics,North,4,12000,2025-05-29
1150,C010,Printer,Electronics,South,5,9000,2025-05-30
